{
  "train_loss": [
    1.4287531835631448,
    1.2373021423109636,
    1.0994131645400609,
    0.9891628673334003,
    0.7561666360967115,
    0.6707177794931121,
    0.5092699543838093,
    0.41761798974517994,
    0.2792068134458197,
    0.25327097618280575,
    0.14903022472757393,
    0.16435742695049246,
    0.12046829355449691,
    0.1022534222594197,
    0.08667686721017587
  ],
  "train_acc": [
    0.6691836734693878,
    0.8044897959183673,
    0.8587755102040816,
    0.8940816326530612,
    0.9212244897959184,
    0.9361224489795918,
    0.9510204081632653,
    0.9608163265306122,
    0.9724489795918367,
    0.9751020408163266,
    0.9812244897959184,
    0.9846938775510204,
    0.99,
    0.9906122448979592,
    0.9922448979591837
  ],
  "val_loss": [
    1.2011165971028488,
    0.9149817102544449,
    0.7561599250164454,
    0.6962786385576187,
    0.9774943977060482,
    0.8096795321130543,
    0.8456655701303281,
    1.1647895780776645,
    0.7853614930155514,
    0.7359566071819059,
    0.7551980968368123,
    0.9785239881096776,
    0.9015240764815976,
    0.9967400622302204,
    0.8134237655152259
  ],
  "val_acc": [
    0.6923809523809524,
    0.8276190476190476,
    0.8866666666666667,
    0.9,
    0.8438095238095238,
    0.8876190476190476,
    0.9238095238095239,
    0.8914285714285715,
    0.9314285714285714,
    0.9323809523809524,
    0.9323809523809524,
    0.9447619047619048,
    0.94,
    0.9428571428571428,
    0.94
  ],
  "val_f1": [
    0.7848101265822784,
    0.8898356664637858,
    0.9301233118027011,
    0.9389179755671903,
    0.9001218026796589,
    0.9304245283018868,
    0.9541809851088202,
    0.9333333333333333,
    0.9588100686498856,
    0.9593589009730967,
    0.9593123209169054,
    0.9673055242390078,
    0.9644268774703557,
    0.9661399548532731,
    0.96406160867085
  ],
  "val_auc": [
    0.8707851851851853,
    0.9344962962962964,
    0.9678666666666667,
    0.9617777777777778,
    0.9564962962962963,
    0.9696888888888888,
    0.9735222222222223,
    0.9626814814814815,
    0.9770037037037036,
    0.9811444444444445,
    0.9814666666666667,
    0.9785333333333334,
    0.9786925925925926,
    0.9779037037037037,
    0.9783259259259259
  ]
}