{
  "accuracy": 0.8523809523809524,
  "precision": 0.9973297730307076,
  "recall": 0.83,
  "f1": 0.9060036385688296,
  "auc": 0.9787333333333333,
  "confusion_matrix": [
    [
      148,
      2
    ],
    [
      153,
      747
    ]
  ],
  "per_type": {
    "original": 0.9866666666666667,
    "FaceSwap": 0.8266666666666667,
    "Deepfakes": 0.9466666666666667,
    "Face2Face": 0.8266666666666667,
    "FaceShifter": 0.8133333333333334,
    "NeuralTextures": 0.6066666666666667,
    "DeepFakeDetection": 0.96
  }
}